<productinfo
  xmlns:xsi="http://www.w3.org/2001/XMLSchema-instance"
  xsi:noNamespaceSchemaLocation="http://www.mathworks.com/namespace/info/v1/info.xsd">
<?xml-stylesheet type="text/xsl" href="http://www.mathworks.com/namespace/info/v1/info.xsl"?>

<matlabrelease>14</matlabrelease>
<name>Fixed-Income</name>
<type>toolbox</type>
<icon>$toolbox/matlab/icons/matlabicon.gif</icon>
<help_location>$docroot/toolbox/finfixed</help_location>

<list>

<listitem>
<label>Help</label>
<callback>doc finfixed/</callback>
<icon>$toolbox/matlab/icons/book_mat.gif</icon>
</listitem>



<listitem>
<label>Product Page (Web)</label>
<callback>web http://www.mathworks.com/products/fixedincome/ -browser;</callback>
<icon>$toolbox/matlab/icons/webicon.gif</icon>
</listitem>

</list>

</productinfo>
